origin,destination,distance,name,traffic
163,164,1128.1200087176503,Đường Lý Chính Thắng,1
164,165,86.9266359672019,Đường Lý Chính Thắng,1
165,166,9.479956562437295,Hẻm 150 Lý Chính Thắng,1
166,167,59.22322538572373,Đường Lý Chính Thắng,1
167,168,52.22699078485839,Đường Nam Kỳ Khởi Nghĩa,1
168,169,491.8836696794824,Hẻm 235 Nam Kỳ Khởi Nghĩa,1
169,170,573.8218029581739,Duong Nam Ky Khoi Nghia,1
170,171,50.267532873521354,Đường Nguyễn Văn Trỗi,1
171,172,816.6176245576852,Hẻm 145 Nguyễn Văn Trỗi,1
172,173,193.852251766986,Đường Nguyễn Văn Trỗi,1
173,58,102.05675629801036,Hẻm 307 Nguyễn Văn Trỗi,1
58,11,209.86032915704567,Đường Nguyễn Văn Trỗi,1
11,12,1026.7130670420452,Đường Phan Đình Giót,1
12,13,318.3777219746734,Đường Trường Sơn,1
13,14,47.78578507936899,Đường Trường Sơn,1
14,15,43.928904474904364,Đường Hồng Hà,1
15,16,48.60732250666216,Đường Trường Sơn,1
